{"initial_reset_timestamp": 1661322658.6816506, "timestamps": [1661322667.5252385, 1661322674.8326323, 1661322683.5553932, 1661322689.6650198, 1661322692.581606, 1661322698.5771537], "episode_lengths": [5453, 4436, 8153, 5885, 2902, 5992], "episode_rewards": [5760.0, 4370.0, 8870.0, 6120.0, 2660.0, 6440.0], "episode_types": ["t", "t", "t", "t", "t", "t", "t"]}