{"initial_reset_timestamp": 1661322722.6360047, "timestamps": [1661322726.031597], "episode_lengths": [636], "episode_rewards": [119.0], "episode_types": ["t"]}